order_id,order_date,region,category,units,revenue,cost
SO-1001,2025-01-01,South,Software,9,1488.5,270.15
SO-1002,2025-01-01,South,Hardware,6,2486.56,1475.35
SO-1003,2025-01-02,West,Hardware,1,430.97,269.42
SO-1004,2025-01-03,West,Hardware,3,1189.71,741.8
SO-1005,2025-01-04,East,Software,2,364.34,66.77
SO-1006,2025-01-05,South,Software,4,726.88,125.12
SO-1007,2025-01-06,South,Software,1,178.76,33.54
SO-1008,2025-01-07,East,Hardware,6,2358.6,1503.25
SO-1009,2025-01-07,North,Software,1,188.26,33.17
SO-1010,2025-01-08,North,Software,5,839.69,148.76
SO-1011,2025-01-09,West,Hardware,3,1278.4,822.37
SO-1012,2025-01-09,East,Software,1,174.61,31.42
SO-1013,2025-01-10,North,Services,9,8830.7,3799.23
SO-1014,2025-01-10,East,Software,6,1186.51,220.45
SO-1015,2025-01-11,West,Services,2,1845.08,839.5
SO-1016,2025-01-11,West,Hardware,13,5752.91,3434.6
SO-1017,2025-01-12,West,Software,7,1247.2,225.61
SO-1018,2025-01-13,West,Services,5,4539.5,2025.47
SO-1019,2025-01-14,West,Services,7,6293.5,2756.55
SO-1020,2025-01-14,West,Services,8,7117.16,3132.88
SO-1021,2025-01-15,West,Software,4,666.07,124.2
SO-1022,2025-01-16,North,Software,4,773.42,145.51
SO-1023,2025-01-16,West,Software,3,529.25,92.32
SO-1024,2025-01-16,South,Software,6,995.74,181.04
SO-1025,2025-01-17,North,Software,1,184.09,31.71
SO-1026,2025-01-18,West,Hardware,4,1596.76,974.88
SO-1027,2025-01-19,West,Hardware,12,5005.72,3098.53
SO-1028,2025-01-19,North,Hardware,1,440.97,279.97
SO-1029,2025-01-20,South,Software,6,1050.14,192.62
SO-1030,2025-01-20,North,Software,13,2245.51,409.97
SO-1031,2025-01-21,East,Software,10,1700.21,307.31
SO-1032,2025-01-22,East,Software,5,920.38,170.45
SO-1033,2025-01-22,South,Services,6,5388.48,2429.09
SO-1034,2025-01-22,East,Software,1,197.63,36.61
SO-1035,2025-01-23,East,Hardware,4,1783.68,1130.56
SO-1036,2025-01-23,East,Services,5,4621.4,2021.5
SO-1037,2025-01-24,West,Hardware,7,3175.38,2035.76
SO-1038,2025-01-25,East,Services,12,10453.29,4779.52
SO-1039,2025-01-25,West,Services,6,5333.51,2469.47
SO-1040,2025-01-26,North,Services,2,2079.23,925.91
SO-1041,2025-01-26,West,Software,8,1582.02,271.31
SO-1042,2025-01-27,West,Services,7,6179.41,2871.53
SO-1043,2025-01-27,West,Software,4,666.86,114.2
SO-1044,2025-01-27,North,Software,9,1760.49,314.79
SO-1045,2025-01-28,South,Hardware,5,2210.75,1346.81
SO-1046,2025-01-29,West,Services,10,8665.72,3993.13
SO-1047,2025-01-29,West,Software,8,1534.22,286.6
SO-1048,2025-01-29,South,Software,2,361.69,61.97
SO-1049,2025-01-30,South,Software,5,835.48,152.18
SO-1050,2025-01-30,North,Software,4,694.94,125.32
SO-1051,2025-01-31,West,Services,9,8119.93,3572.45
SO-1052,2025-01-31,North,Software,8,1457.78,269.22
SO-1053,2025-01-31,North,Software,3,541.31,99.31
SO-1054,2025-02-01,West,Software,4,683.66,123.34
SO-1055,2025-02-01,East,Services,9,8460.27,3775.38
SO-1056,2025-02-02,West,Hardware,5,2171.89,1336.92
SO-1057,2025-02-02,South,Software,6,1005.36,184.88
SO-1058,2025-02-03,East,Hardware,1,452.16,293.45
SO-1059,2025-02-03,South,Software,9,1510.75,276.5
SO-1060,2025-02-03,South,Hardware,7,2899.73,1800.64
SO-1061,2025-02-04,West,Hardware,4,1518.55,946.59
SO-1062,2025-02-04,West,Software,11,1934.2,348.76
SO-1063,2025-02-05,North,Hardware,8,3612.94,2146.85
SO-1064,2025-02-05,East,Hardware,6,2660.61,1611.71
SO-1065,2025-02-06,West,Services,3,2796.39,1262.98
SO-1066,2025-02-07,West,Software,1,165.22,28.42
SO-1067,2025-02-07,South,Software,10,1848.4,342.75
SO-1068,2025-02-07,North,Software,9,1530.06,268.92
SO-1069,2025-02-08,West,Hardware,10,4548.96,2854.68
SO-1070,2025-02-09,South,Services,4,4156.6,1825.93
SO-1071,2025-02-10,South,Services,2,1788.23,800.33
SO-1072,2025-02-11,South,Hardware,2,891.02,579.75
SO-1073,2025-02-11,North,Hardware,5,1969.57,1218.05
SO-1074,2025-02-11,West,Hardware,2,893.58,550.26
SO-1075,2025-02-12,West,Services,5,4493.09,1960.96
SO-1076,2025-02-12,South,Software,6,1047.07,180.07
SO-1077,2025-02-13,North,Hardware,6,2350.28,1396.63
SO-1078,2025-02-14,East,Software,4,747.75,128.47
SO-1079,2025-02-14,South,Hardware,3,1376.37,893.68
SO-1080,2025-02-15,East,Hardware,8,3672.93,2233.85
SO-1081,2025-02-15,East,Hardware,6,2408.58,1516.62
SO-1082,2025-02-15,South,Software,5,810.89,142.52
SO-1083,2025-02-16,South,Software,5,864.76,151.5
SO-1084,2025-02-17,South,Software,5,938.88,175.4
SO-1085,2025-02-17,West,Software,6,1033.38,188.22
SO-1086,2025-02-17,South,Hardware,2,896.33,577.51
SO-1087,2025-02-18,West,Software,7,1265.99,227.98
SO-1088,2025-02-18,North,Services,4,3863.89,1807.05
SO-1089,2025-02-18,South,Hardware,8,3668.79,2246.58
SO-1090,2025-02-19,North,Software,7,1291.81,236.73
SO-1091,2025-02-19,West,Hardware,5,2281.65,1470.9
SO-1092,2025-02-20,North,Software,6,1074.35,199.36
SO-1093,2025-02-21,South,Software,6,1182.76,212.77
SO-1094,2025-02-21,West,Hardware,12,5453.75,3309.41
SO-1095,2025-02-22,South,Hardware,6,2642.58,1606.36
SO-1096,2025-02-23,South,Hardware,6,2298.57,1392.16
SO-1097,2025-02-23,North,Software,4,722.38,129.57
SO-1098,2025-02-23,West,Software,4,791.04,143.09
SO-1099,2025-02-24,North,Services,9,9097.03,4285.29
SO-1100,2025-02-24,West,Services,7,6499.51,3046.61
SO-1101,2025-02-25,North,Software,8,1570.39,272.29
SO-1102,2025-02-26,East,Services,11,10874.97,4762.28
SO-1103,2025-02-26,West,Software,11,2051.91,365.85
SO-1104,2025-02-26,South,Software,9,1579.86,273.59
SO-1105,2025-02-27,North,Hardware,4,1827.8,1098.76
SO-1106,2025-02-27,North,Services,8,7280.55,3234.38
SO-1107,2025-02-28,West,Services,4,3745.32,1647.5
SO-1108,2025-02-28,North,Hardware,4,1529.34,963.55
SO-1109,2025-03-01,South,Hardware,4,1575.79,964.62
SO-1110,2025-03-01,West,Services,11,11102.0,5061.29
SO-1111,2025-03-01,South,Software,8,1425.85,263.14
SO-1112,2025-03-02,East,Software,9,1753.46,317.2
SO-1113,2025-03-02,South,Software,3,565.82,106.7
SO-1114,2025-03-02,East,Software,10,1705.92,306.55
SO-1115,2025-03-03,West,Hardware,6,2520.3,1611.31
SO-1116,2025-03-03,South,Software,4,695.93,128.51
SO-1117,2025-03-03,West,Hardware,7,2847.07,1693.0
SO-1118,2025-03-04,East,Hardware,9,3832.63,2468.25
SO-1119,2025-03-05,West,Software,6,1030.37,190.14
SO-1120,2025-03-05,West,Hardware,4,1837.14,1096.41
SO-1121,2025-03-05,South,Hardware,6,2593.48,1597.0
SO-1122,2025-03-06,North,Hardware,4,1654.87,1053.07
SO-1123,2025-03-06,West,Services,5,5158.73,2420.82
SO-1124,2025-03-07,West,Services,6,5413.25,2340.73
SO-1125,2025-03-07,South,Hardware,6,2684.0,1697.53
SO-1126,2025-03-07,West,Hardware,6,2659.54,1566.69
SO-1127,2025-03-08,South,Software,8,1573.18,286.75
SO-1128,2025-03-09,West,Software,8,1328.29,228.82
SO-1129,2025-03-09,South,Software,5,811.88,143.24
SO-1130,2025-03-09,West,Hardware,11,4450.31,2852.84
SO-1131,2025-03-10,West,Software,6,1060.95,193.83
SO-1132,2025-03-11,North,Hardware,6,2713.96,1707.42
SO-1133,2025-03-12,East,Hardware,4,1677.63,1060.5
SO-1134,2025-03-13,West,Software,8,1410.15,241.31
SO-1135,2025-03-13,East,Software,5,984.57,173.89
SO-1136,2025-03-13,South,Hardware,4,1586.4,1009.19
SO-1137,2025-03-14,North,Services,4,3589.73,1601.98
SO-1138,2025-03-14,North,Services,6,5296.88,2358.2
SO-1139,2025-03-15,North,Services,6,5198.55,2314.39
SO-1140,2025-03-16,East,Software,8,1583.29,297.29
SO-1141,2025-03-16,East,Hardware,5,2086.4,1269.23
SO-1142,2025-03-16,West,Services,3,3126.44,1398.8
SO-1143,2025-03-17,North,Hardware,9,4071.19,2539.57
SO-1144,2025-03-18,West,Software,8,1532.61,284.75
SO-1145,2025-03-19,North,Hardware,3,1365.72,820.75
SO-1146,2025-03-19,East,Software,8,1432.67,261.28
SO-1147,2025-03-20,West,Hardware,8,3642.29,2203.35
SO-1148,2025-03-21,North,Services,6,5516.54,2425.92
SO-1149,2025-03-21,North,Hardware,5,2005.76,1181.86
SO-1150,2025-03-21,North,Hardware,3,1192.93,737.78
SO-1151,2025-03-22,West,Services,12,10562.57,4751.51
SO-1152,2025-03-22,North,Services,3,2985.94,1387.04
SO-1153,2025-03-23,South,Hardware,4,1774.84,1054.08
SO-1154,2025-03-24,West,Software,9,1538.13,264.81
SO-1155,2025-03-25,West,Software,2,387.61,73.17
SO-1156,2025-03-26,North,Hardware,14,5787.17,3763.3
SO-1157,2025-03-26,West,Hardware,9,4075.79,2460.01
SO-1158,2025-03-27,North,Services,8,7286.76,3206.71
SO-1159,2025-03-27,East,Software,7,1196.35,209.86
SO-1160,2025-03-27,South,Hardware,3,1362.71,818.54
SO-1161,2025-03-28,West,Hardware,7,3027.99,1802.36
SO-1162,2025-03-29,North,Hardware,10,4178.8,2673.53
SO-1163,2025-03-29,West,Services,9,7898.86,3444.15
SO-1164,2025-03-30,South,Services,5,4628.63,2159.14
SO-1165,2025-03-30,West,Software,7,1135.6,207.22
SO-1166,2025-03-30,East,Hardware,2,817.94,488.94
SO-1167,2025-03-31,East,Hardware,6,2678.63,1713.7
SO-1168,2025-04-01,East,Hardware,1,404.22,243.18
SO-1169,2025-04-01,West,Software,8,1409.85,255.05
SO-1170,2025-04-02,North,Software,6,1057.92,186.07
SO-1171,2025-04-02,East,Software,6,1132.99,211.76
SO-1172,2025-04-02,West,Software,7,1351.79,255.41
SO-1173,2025-04-03,South,Software,1,177.63,30.88
SO-1174,2025-04-03,North,Services,10,9321.81,4355.41
SO-1175,2025-04-04,South,Hardware,6,2674.46,1641.04
SO-1176,2025-04-04,East,Software,8,1345.45,238.5
SO-1177,2025-04-05,South,Services,7,7055.4,3323.16
SO-1178,2025-04-06,East,Hardware,10,4572.18,2969.56
SO-1179,2025-04-07,East,Hardware,11,4993.5,3133.23
SO-1180,2025-04-07,South,Software,3,578.51,105.39
SO-1181,2025-04-08,South,Services,5,4654.76,2098.39
SO-1182,2025-04-08,West,Software,9,1506.43,283.92
SO-1183,2025-04-08,South,Hardware,1,381.2,244.34
SO-1184,2025-04-09,West,Software,4,727.21,132.56
SO-1185,2025-04-10,West,Hardware,7,2862.06,1775.11
SO-1186,2025-04-10,South,Hardware,7,3009.91,1864.19
SO-1187,2025-04-11,West,Software,7,1179.25,211.7
SO-1188,2025-04-12,North,Hardware,2,828.34,492.6
SO-1189,2025-04-13,North,Hardware,11,4447.88,2818.46
SO-1190,2025-04-13,North,Hardware,11,4623.63,2831.64
SO-1191,2025-04-14,North,Services,11,11108.33,4845.64
SO-1192,2025-04-15,East,Services,7,7203.33,3132.94
SO-1193,2025-04-15,South,Hardware,2,782.67,504.5
SO-1194,2025-04-16,West,Hardware,11,4622.05,2986.0
SO-1195,2025-04-16,South,Software,3,526.2,91.86
SO-1196,2025-04-17,South,Software,3,516.05,91.29
SO-1197,2025-04-17,West,Hardware,7,2958.06,1859.0
SO-1198,2025-04-18,West,Software,5,914.41,170.89
SO-1199,2025-04-18,North,Hardware,1,439.99,269.29
SO-1200,2025-04-19,East,Software,6,1049.81,193.97
SO-1201,2025-04-19,West,Hardware,1,402.9,250.2
SO-1202,2025-04-20,East,Software,1,188.9,33.06
SO-1203,2025-04-20,East,Software,3,582.72,101.03
SO-1204,2025-04-21,North,Hardware,7,2647.54,1617.67
SO-1205,2025-04-22,East,Software,5,834.07,148.12
SO-1206,2025-04-23,South,Hardware,6,2740.04,1655.26
SO-1207,2025-04-23,South,Software,6,1115.74,196.21
SO-1208,2025-04-24,North,Hardware,7,3128.68,2015.95
SO-1209,2025-04-24,West,Software,2,335.89,57.44
SO-1210,2025-04-25,North,Software,5,852.78,146.72
SO-1211,2025-04-26,North,Software,5,884.37,159.48
SO-1212,2025-04-27,West,Services,5,4440.91,1960.32
SO-1213,2025-04-27,East,Software,14,2508.87,453.33
SO-1214,2025-04-27,West,Services,6,5979.51,2681.43
SO-1215,2025-04-28,West,Hardware,9,3888.88,2320.27
SO-1216,2025-04-28,East,Software,7,1201.03,217.35
SO-1217,2025-04-28,West,Software,15,2589.63,486.11
SO-1218,2025-04-29,North,Services,2,1715.79,753.6
SO-1219,2025-04-30,South,Services,5,5111.16,2260.59
SO-1220,2025-05-01,West,Services,3,2924.5,1341.4
SO-1221,2025-05-02,West,Software,6,977.73,184.01
SO-1222,2025-05-02,South,Software,5,865.4,151.29
SO-1223,2025-05-02,North,Software,6,996.17,181.5
SO-1224,2025-05-03,East,Services,9,8893.27,3814.23
SO-1225,2025-05-04,North,Software,6,1099.54,195.21
SO-1226,2025-05-05,North,Services,5,4992.98,2294.3
SO-1227,2025-05-05,West,Hardware,7,2666.24,1710.55
SO-1228,2025-05-05,North,Services,8,7799.94,3435.34
SO-1229,2025-05-06,South,Hardware,5,2024.04,1245.34
SO-1230,2025-05-07,East,Hardware,5,2008.69,1272.26
SO-1231,2025-05-08,East,Software,4,689.42,127.14
SO-1232,2025-05-08,West,Hardware,4,1686.26,1003.48
SO-1233,2025-05-09,North,Software,7,1156.9,214.9
SO-1234,2025-05-09,South,Software,10,1808.48,318.64
SO-1235,2025-05-10,North,Software,10,1917.12,361.2
SO-1236,2025-05-11,East,Services,11,10481.64,4753.53
SO-1237,2025-05-11,South,Hardware,6,2519.15,1500.95
SO-1238,2025-05-11,North,Software,11,2174.48,393.8
SO-1239,2025-05-12,East,Software,4,776.22,133.94
SO-1240,2025-05-13,North,Software,8,1383.3,247.2
SO-1241,2025-05-13,South,Software,6,1071.56,193.49
SO-1242,2025-05-13,North,Software,4,695.04,120.8
SO-1243,2025-05-14,East,Hardware,1,426.65,254.63
SO-1244,2025-05-14,West,Software,9,1683.69,303.3
SO-1245,2025-05-15,East,Software,10,1880.4,354.54
SO-1246,2025-05-15,East,Software,3,523.65,91.77
SO-1247,2025-05-16,East,Services,7,7264.97,3139.0
SO-1248,2025-05-17,South,Services,4,4024.11,1853.1
SO-1249,2025-05-17,West,Hardware,13,5220.64,3361.49
SO-1250,2025-05-18,North,Hardware,11,4947.4,3047.92
SO-1251,2025-05-18,South,Software,3,501.32,91.17
SO-1252,2025-05-19,North,Software,3,584.06,104.4
SO-1253,2025-05-19,West,Services,4,4086.98,1865.2
SO-1254,2025-05-20,South,Software,1,185.1,33.16
SO-1255,2025-05-20,East,Hardware,5,1991.81,1222.59
SO-1256,2025-05-20,South,Hardware,1,413.58,255.27
SO-1257,2025-05-21,West,Software,3,582.61,103.07
SO-1258,2025-05-21,North,Software,1,179.63,33.87
SO-1259,2025-05-21,North,Hardware,7,3205.38,1927.68
SO-1260,2025-05-22,North,Services,11,10359.68,4524.32
SO-1261,2025-05-22,West,Software,2,361.56,64.5
SO-1262,2025-05-23,South,Services,1,889.92,401.02
SO-1263,2025-05-23,North,Software,3,513.27,91.3
SO-1264,2025-05-24,North,Hardware,3,1364.69,856.99
SO-1265,2025-05-25,East,Software,10,1764.17,331.95
SO-1266,2025-05-25,South,Services,6,6225.37,2790.8
SO-1267,2025-05-25,South,Hardware,6,2587.69,1599.42
SO-1268,2025-05-26,South,Services,1,882.79,403.85
SO-1269,2025-05-26,West,Software,5,832.53,154.86
SO-1270,2025-05-26,East,Services,13,11684.22,5365.27
SO-1271,2025-05-27,East,Services,6,6048.2,2803.04
SO-1272,2025-05-27,East,Hardware,3,1210.06,748.7
SO-1273,2025-05-27,West,Software,13,2177.49,384.23
SO-1274,2025-05-28,North,Hardware,10,4254.26,2591.4
SO-1275,2025-05-28,South,Software,3,556.99,97.35
SO-1276,2025-05-29,East,Hardware,12,4638.32,2773.02
SO-1277,2025-05-30,South,Software,4,778.19,144.16
SO-1278,2025-05-31,North,Software,8,1553.45,287.68
SO-1279,2025-06-01,South,Software,5,961.07,175.95
SO-1280,2025-06-01,North,Software,7,1200.65,210.37
SO-1281,2025-06-02,West,Software,11,1839.19,330.77
SO-1282,2025-06-03,South,Software,6,1158.38,198.22
SO-1283,2025-06-03,East,Software,2,384.52,68.35
SO-1284,2025-06-04,North,Hardware,4,1633.09,1027.35
SO-1285,2025-06-04,North,Software,3,521.69,98.43
SO-1286,2025-06-05,West,Software,1,194.31,33.35
SO-1287,2025-06-05,West,Software,3,525.55,94.36
SO-1288,2025-06-05,South,Hardware,9,3660.52,2213.14
SO-1289,2025-06-06,East,Hardware,10,4203.15,2546.46
SO-1290,2025-06-07,East,Services,4,3917.46,1814.32
SO-1291,2025-06-07,East,Hardware,7,3217.98,1912.86
SO-1292,2025-06-07,North,Software,4,727.82,129.78
SO-1293,2025-06-08,North,Software,7,1341.13,240.8
SO-1294,2025-06-08,North,Services,7,7195.06,3273.96
SO-1295,2025-06-08,South,Software,4,746.06,130.43
SO-1296,2025-06-09,West,Software,2,336.52,61.56
SO-1297,2025-06-09,North,Software,12,1949.8,364.02
SO-1298,2025-06-09,South,Services,8,7694.39,3378.68
SO-1299,2025-06-10,South,Software,4,740.41,139.06
SO-1300,2025-06-10,North,Software,9,1627.18,302.4
SO-1301,2025-06-11,West,Software,10,1833.11,344.4
SO-1302,2025-06-11,South,Software,5,884.24,152.83
SO-1303,2025-06-12,West,Hardware,7,2648.81,1672.44
SO-1304,2025-06-12,North,Services,7,7126.76,3116.68
SO-1305,2025-06-12,North,Hardware,11,4381.86,2780.2
SO-1306,2025-06-13,North,Software,7,1322.3,242.65
SO-1307,2025-06-14,North,Hardware,3,1302.72,839.19
SO-1308,2025-06-15,North,Hardware,5,1896.19,1193.35
SO-1309,2025-06-16,North,Software,4,785.91,146.2
SO-1310,2025-06-16,North,Hardware,10,4576.96,2902.35
SO-1311,2025-06-16,West,Software,11,1925.85,351.68
SO-1312,2025-06-17,West,Software,12,2280.14,408.49
SO-1313,2025-06-17,East,Services,5,4332.61,2042.08
SO-1314,2025-06-17,East,Services,6,5957.31,2550.91
SO-1315,2025-06-18,East,Software,11,1935.39,344.06
SO-1316,2025-06-19,West,Hardware,6,2268.85,1373.35
SO-1317,2025-06-20,South,Software,7,1144.66,212.9
SO-1318,2025-06-20,South,Hardware,1,449.5,287.25
SO-1319,2025-06-21,West,Software,11,2097.77,366.29
SO-1320,2025-06-21,South,Hardware,7,2679.85,1644.14
SO-1321,2025-06-21,South,Services,5,4640.73,2096.8
SO-1322,2025-06-22,East,Software,8,1363.07,247.31
SO-1323,2025-06-22,East,Services,3,2900.92,1264.84
SO-1324,2025-06-22,South,Hardware,4,1782.77,1082.08
SO-1325,2025-06-23,East,Software,5,818.03,154.57
SO-1326,2025-06-23,East,Services,8,7404.94,3320.04
SO-1327,2025-06-23,North,Hardware,4,1686.54,995.52
SO-1328,2025-06-24,South,Services,3,3058.67,1374.52
SO-1329,2025-06-25,South,Hardware,5,2287.53,1456.17
SO-1330,2025-06-25,South,Hardware,2,762.36,458.53
SO-1331,2025-06-25,South,Software,6,1051.84,193.22
SO-1332,2025-06-26,North,Services,6,5859.42,2748.05
SO-1333,2025-06-26,North,Hardware,2,916.68,577.99
SO-1334,2025-06-27,South,Software,3,503.25,94.8
SO-1335,2025-06-27,South,Hardware,11,4212.77,2625.72
SO-1336,2025-06-28,North,Hardware,3,1263.36,802.05
SO-1337,2025-06-29,North,Hardware,6,2368.27,1504.77
SO-1338,2025-06-29,West,Software,7,1160.57,205.22
SO-1339,2025-06-30,West,Hardware,5,1990.15,1189.86
SO-1340,2025-06-30,North,Software,6,1169.12,216.73
SO-1341,2025-07-01,South,Hardware,3,1322.77,842.94
SO-1342,2025-07-02,West,Services,5,4871.95,2181.93
SO-1343,2025-07-03,East,Services,2,1764.25,771.81
SO-1344,2025-07-03,North,Hardware,7,2911.41,1875.35
SO-1345,2025-07-04,South,Hardware,4,1603.09,1027.67
SO-1346,2025-07-04,East,Services,9,8140.75,3520.19
SO-1347,2025-07-05,West,Hardware,8,3625.47,2285.62
SO-1348,2025-07-05,South,Software,5,960.35,166.28
SO-1349,2025-07-06,East,Software,8,1364.59,242.93
SO-1350,2025-07-07,South,Hardware,7,3073.17,1866.02
SO-1351,2025-07-07,North,Software,2,355.9,65.92
SO-1352,2025-07-08,East,Hardware,8,3316.49,2140.94
SO-1353,2025-07-08,South,Hardware,7,2952.73,1781.34
SO-1354,2025-07-08,South,Hardware,10,3846.58,2286.48
SO-1355,2025-07-09,West,Software,8,1488.93,271.45
SO-1356,2025-07-09,South,Software,6,1015.69,174.88
SO-1357,2025-07-09,West,Services,11,10131.57,4459.71
SO-1358,2025-07-10,West,Hardware,5,2062.0,1312.06
SO-1359,2025-07-10,South,Services,5,5065.04,2248.98
SO-1360,2025-07-10,South,Software,7,1278.88,238.44
SO-1361,2025-07-11,West,Services,10,9014.98,4190.63
SO-1362,2025-07-11,East,Services,10,10199.37,4624.74
SO-1363,2025-07-12,East,Services,13,12382.89,5589.3
SO-1364,2025-07-13,South,Hardware,4,1837.06,1107.51
SO-1365,2025-07-13,South,Hardware,4,1833.0,1081.85
SO-1366,2025-07-13,South,Hardware,8,3586.69,2254.18
SO-1367,2025-07-14,South,Software,9,1690.34,290.42
SO-1368,2025-07-14,North,Software,10,1830.92,338.18
SO-1369,2025-07-15,North,Hardware,10,3971.04,2394.84
SO-1370,2025-07-16,West,Software,4,671.66,124.84
SO-1371,2025-07-16,West,Software,3,489.91,92.33
SO-1372,2025-07-16,North,Software,4,696.75,122.16
SO-1373,2025-07-17,West,Services,1,915.92,408.07
SO-1374,2025-07-17,North,Hardware,2,780.63,492.71
SO-1375,2025-07-18,South,Services,5,4378.57,1908.78
SO-1376,2025-07-18,East,Software,7,1261.2,216.14
SO-1377,2025-07-19,West,Services,8,7802.48,3619.7
SO-1378,2025-07-20,North,Services,1,972.98,456.14
SO-1379,2025-07-21,East,Software,8,1324.95,229.47
SO-1380,2025-07-21,North,Software,5,981.16,172.86
SO-1381,2025-07-21,East,Software,9,1768.74,331.78
SO-1382,2025-07-22,North,Software,7,1268.53,220.31
SO-1383,2025-07-22,North,Software,12,2193.41,385.9
SO-1384,2025-07-23,North,Software,1,172.34,30.88
SO-1385,2025-07-23,South,Software,6,1071.55,193.81
SO-1386,2025-07-23,West,Software,13,2251.32,394.79
SO-1387,2025-07-24,South,Software,2,324.86,57.61
SO-1388,2025-07-25,East,Software,12,2156.29,379.78
SO-1389,2025-07-26,East,Hardware,13,5575.67,3404.37
SO-1390,2025-07-27,North,Software,7,1344.25,238.44
SO-1391,2025-07-27,North,Software,11,2151.84,384.11
SO-1392,2025-07-27,East,Hardware,8,3160.07,1980.94
SO-1393,2025-07-28,North,Software,6,1074.65,198.95
SO-1394,2025-07-28,South,Software,1,165.72,29.56
SO-1395,2025-07-29,North,Software,11,1947.49,360.49
SO-1396,2025-07-29,North,Software,5,891.41,159.78
SO-1397,2025-07-29,East,Hardware,4,1641.19,999.42
SO-1398,2025-07-30,West,Software,10,1728.01,312.19
SO-1399,2025-07-30,South,Software,4,766.32,135.59
SO-1400,2025-07-30,South,Services,6,5362.91,2395.56
SO-1401,2025-07-31,North,Hardware,3,1365.92,870.03
SO-1402,2025-08-01,West,Software,5,903.11,165.57
SO-1403,2025-08-01,West,Software,13,2318.03,396.82
SO-1404,2025-08-01,North,Software,8,1324.5,235.42
SO-1405,2025-08-02,South,Services,8,7509.05,3421.18
SO-1406,2025-08-02,East,Software,7,1322.11,228.28
SO-1407,2025-08-03,East,Software,12,2019.85,369.24
SO-1408,2025-08-03,East,Software,10,1915.4,361.67
SO-1409,2025-08-04,South,Software,6,1164.92,207.85
SO-1410,2025-08-04,North,Software,4,734.85,130.33
SO-1411,2025-08-05,North,Software,7,1313.08,237.61
SO-1412,2025-08-05,East,Software,8,1324.37,226.84
SO-1413,2025-08-05,North,Hardware,2,800.69,503.72
SO-1414,2025-08-06,South,Software,5,884.0,153.1
SO-1415,2025-08-06,South,Software,4,658.96,123.92
SO-1416,2025-08-06,West,Services,7,6800.3,3153.96
SO-1417,2025-08-07,North,Software,5,852.89,150.07
SO-1418,2025-08-08,East,Software,7,1350.55,253.98
SO-1419,2025-08-09,East,Hardware,8,3171.87,1946.11
SO-1420,2025-08-10,West,Hardware,7,2786.12,1679.53
SO-1421,2025-08-11,South,Hardware,9,3631.58,2274.67
SO-1422,2025-08-12,North,Hardware,3,1232.23,780.67
SO-1423,2025-08-12,South,Software,2,325.61,60.77
SO-1424,2025-08-13,South,Hardware,8,3278.69,1932.7
SO-1425,2025-08-14,West,Software,11,1934.7,344.87
SO-1426,2025-08-14,North,Services,9,8417.09,3944.12
SO-1427,2025-08-15,South,Software,3,533.04,93.83
SO-1428,2025-08-15,North,Software,7,1173.29,215.54
SO-1429,2025-08-15,North,Hardware,1,424.62,262.4
SO-1430,2025-08-16,South,Software,4,679.17,121.09
SO-1431,2025-08-17,South,Hardware,3,1350.31,851.87
SO-1432,2025-08-17,East,Software,9,1600.67,302.24
SO-1433,2025-08-17,South,Software,4,756.1,138.52
SO-1434,2025-08-18,East,Software,8,1516.27,260.07
SO-1435,2025-08-19,South,Hardware,4,1571.49,1008.52
SO-1436,2025-08-19,East,Hardware,9,4075.84,2417.87
SO-1437,2025-08-19,East,Services,8,7932.45,3422.51
SO-1438,2025-08-20,South,Services,3,2792.41,1238.48
SO-1439,2025-08-20,West,Software,13,2167.85,381.49
SO-1440,2025-08-21,East,Software,2,371.78,65.93
SO-1441,2025-08-22,North,Software,6,1154.89,204.81
SO-1442,2025-08-22,North,Hardware,4,1550.72,1001.12
SO-1443,2025-08-23,South,Software,6,1006.99,175.79
SO-1444,2025-08-23,East,Hardware,9,3960.17,2468.16
SO-1445,2025-08-23,South,Software,6,1084.49,203.52
SO-1446,2025-08-24,East,Services,13,11391.32,5261.27
SO-1447,2025-08-24,East,Services,12,11846.89,5583.86
SO-1448,2025-08-24,North,Hardware,3,1214.27,773.71
SO-1449,2025-08-25,North,Software,6,1104.91,193.33
SO-1450,2025-08-25,North,Software,1,196.19,35.11
SO-1451,2025-08-26,West,Software,6,1117.39,208.1
SO-1452,2025-08-26,South,Software,3,506.44,95.28
SO-1453,2025-08-27,East,Hardware,12,4773.89,2888.86
SO-1454,2025-08-27,North,Hardware,12,4886.01,2905.89
SO-1455,2025-08-27,East,Hardware,6,2511.32,1589.03
SO-1456,2025-08-28,West,Hardware,3,1295.51,819.12
SO-1457,2025-08-29,South,Software,5,831.23,148.49
SO-1458,2025-08-30,South,Software,9,1607.42,297.04
SO-1459,2025-08-31,North,Software,10,1635.62,306.06
SO-1460,2025-09-01,South,Hardware,5,2019.74,1310.2
SO-1461,2025-09-01,South,Hardware,3,1176.36,698.11
SO-1462,2025-09-02,West,Services,8,7980.68,3441.9
SO-1463,2025-09-03,East,Services,6,5687.32,2542.46
SO-1464,2025-09-03,South,Services,5,4580.72,2032.32
SO-1465,2025-09-03,North,Software,1,185.49,32.56
SO-1466,2025-09-04,North,Hardware,1,380.32,242.27
SO-1467,2025-09-05,East,Software,14,2719.38,498.4
SO-1468,2025-09-06,East,Software,7,1216.32,212.03
SO-1469,2025-09-07,East,Hardware,15,6725.65,4067.14
SO-1470,2025-09-07,North,Hardware,13,5533.02,3474.45
SO-1471,2025-09-08,West,Services,12,11398.93,4953.82
SO-1472,2025-09-08,East,Software,7,1291.88,224.21
SO-1473,2025-09-08,South,Hardware,1,385.53,228.03
SO-1474,2025-09-09,West,Hardware,11,4826.01,2843.36
SO-1475,2025-09-09,West,Hardware,8,3501.64,2255.82
SO-1476,2025-09-10,West,Hardware,8,3666.44,2199.61
SO-1477,2025-09-11,South,Software,10,1863.09,337.62
SO-1478,2025-09-11,West,Hardware,7,2836.33,1751.57
SO-1479,2025-09-11,South,Services,9,9082.06,3907.11
SO-1480,2025-09-12,East,Software,7,1208.85,219.14
SO-1481,2025-09-12,East,Software,6,1046.18,195.56
SO-1482,2025-09-12,North,Services,4,3589.09,1653.81
SO-1483,2025-09-13,North,Hardware,3,1371.68,838.54
SO-1484,2025-09-13,South,Software,3,528.81,91.51
SO-1485,2025-09-13,South,Services,7,6279.27,2920.99
SO-1486,2025-09-14,North,Hardware,12,5211.6,3298.76
SO-1487,2025-09-14,South,Software,6,996.41,179.59
SO-1488,2025-09-14,North,Services,11,10825.14,5017.62
SO-1489,2025-09-15,North,Software,11,1964.16,360.12
SO-1490,2025-09-16,South,Services,4,3565.65,1600.55
SO-1491,2025-09-16,North,Hardware,7,2785.3,1704.84
SO-1492,2025-09-16,North,Software,5,982.01,176.05
SO-1493,2025-09-17,South,Software,8,1547.17,280.24
SO-1494,2025-09-18,East,Hardware,4,1762.47,1075.4
SO-1495,2025-09-18,North,Services,9,8955.7,4210.62
SO-1496,2025-09-18,West,Hardware,10,4287.19,2551.64
SO-1497,2025-09-19,East,Services,16,15732.66,6905.96
SO-1498,2025-09-19,South,Software,9,1464.9,276.57
SO-1499,2025-09-19,West,Hardware,9,4007.32,2406.34
SO-1500,2025-09-20,East,Services,9,8839.96,4111.72
SO-1501,2025-09-20,East,Software,5,980.78,167.96
SO-1502,2025-09-20,East,Services,1,947.56,425.72
SO-1503,2025-09-21,North,Hardware,3,1285.19,824.15
SO-1504,2025-09-22,West,Software,3,580.29,105.61
SO-1505,2025-09-23,East,Hardware,10,4274.95,2529.52
SO-1506,2025-09-24,East,Software,18,3130.73,561.75
SO-1507,2025-09-25,East,Hardware,5,1898.62,1172.37
SO-1508,2025-09-25,North,Software,5,940.85,163.32
SO-1509,2025-09-26,East,Hardware,13,5540.29,3463.98
SO-1510,2025-09-26,South,Services,5,4307.41,1950.09
SO-1511,2025-09-27,South,Software,2,350.13,61.65
SO-1512,2025-09-28,South,Software,2,345.89,63.9
SO-1513,2025-09-29,East,Software,6,1090.96,194.53
SO-1514,2025-09-29,North,Software,4,744.73,139.19
SO-1515,2025-09-29,West,Software,13,2572.42,446.87
SO-1516,2025-09-30,North,Services,3,2947.7,1313.86
SO-1517,2025-10-01,East,Services,6,5950.63,2611.41
SO-1518,2025-10-01,East,Hardware,7,2757.86,1782.5
SO-1519,2025-10-02,South,Hardware,3,1378.58,870.98
SO-1520,2025-10-02,North,Services,10,9156.59,3986.65
SO-1521,2025-10-02,East,Software,9,1534.76,263.0
SO-1522,2025-10-03,West,Software,2,388.28,68.37
SO-1523,2025-10-04,North,Hardware,6,2570.91,1526.91
SO-1524,2025-10-04,East,Software,1,162.18,28.52
SO-1525,2025-10-04,North,Software,9,1563.87,288.51
SO-1526,2025-10-05,West,Software,6,1118.66,198.09
SO-1527,2025-10-05,North,Services,7,6800.01,3144.45
SO-1528,2025-10-05,West,Hardware,6,2501.54,1475.52
SO-1529,2025-10-06,East,Hardware,3,1216.95,723.83
SO-1530,2025-10-06,South,Hardware,2,844.95,541.71
SO-1531,2025-10-07,East,Software,3,545.94,99.82
SO-1532,2025-10-07,East,Hardware,7,3009.78,1924.56
SO-1533,2025-10-08,North,Software,4,788.74,141.31
SO-1534,2025-10-08,East,Software,16,2897.07,509.68
SO-1535,2025-10-09,North,Software,12,2366.0,411.0
SO-1536,2025-10-09,South,Software,8,1577.98,296.45
SO-1537,2025-10-10,South,Hardware,3,1329.9,804.68
SO-1538,2025-10-10,East,Software,8,1556.02,290.47
SO-1539,2025-10-10,South,Software,3,533.69,99.52
SO-1540,2025-10-11,East,Services,14,13004.81,5683.68
SO-1541,2025-10-12,North,Software,13,2533.59,463.99
SO-1542,2025-10-13,North,Hardware,7,2867.08,1849.94
SO-1543,2025-10-13,West,Services,5,4514.33,1983.17
SO-1544,2025-10-14,South,Hardware,4,1580.28,1005.17
SO-1545,2025-10-14,East,Hardware,12,5110.08,3059.49
SO-1546,2025-10-15,South,Services,5,4543.44,2010.1
SO-1547,2025-10-15,West,Services,7,6796.64,3198.21
SO-1548,2025-10-16,North,Services,10,8948.65,4181.35
SO-1549,2025-10-17,North,Services,8,8153.23,3850.5
SO-1550,2025-10-17,East,Software,6,1145.88,199.08
SO-1551,2025-10-18,South,Services,8,6988.27,3040.55
SO-1552,2025-10-19,West,Hardware,13,5284.78,3413.69
SO-1553,2025-10-19,West,Services,8,7196.61,3333.07
SO-1554,2025-10-19,North,Hardware,7,2942.81,1775.58
SO-1555,2025-10-20,North,Software,14,2300.54,397.96
SO-1556,2025-10-20,West,Services,10,9548.29,4083.0
SO-1557,2025-10-21,South,Software,1,181.08,33.7
SO-1558,2025-10-22,East,Services,4,4068.41,1917.21
SO-1559,2025-10-23,North,Hardware,8,3070.31,1816.63
SO-1560,2025-10-24,North,Software,9,1638.34,290.85
SO-1561,2025-10-24,North,Hardware,11,4418.69,2693.22
SO-1562,2025-10-24,West,Services,9,9189.67,4225.4
SO-1563,2025-10-25,West,Hardware,1,410.51,251.6
SO-1564,2025-10-25,West,Services,13,13333.3,6080.97
SO-1565,2025-10-26,East,Software,7,1342.04,245.52
SO-1566,2025-10-27,North,Services,1,864.41,396.54
SO-1567,2025-10-28,West,Software,3,486.1,89.65
SO-1568,2025-10-28,West,Software,17,3116.48,588.72
SO-1569,2025-10-29,West,Software,17,2917.04,533.45
SO-1570,2025-10-30,North,Software,11,1997.05,349.52
SO-1571,2025-10-30,East,Hardware,13,5293.77,3311.51
SO-1572,2025-10-31,South,Services,1,867.51,400.42
SO-1573,2025-10-31,East,Software,1,170.59,29.7
SO-1574,2025-10-31,West,Hardware,6,2745.47,1762.75
SO-1575,2025-11-01,North,Hardware,3,1241.87,763.03
SO-1576,2025-11-01,East,Software,18,3152.37,576.68
SO-1577,2025-11-01,East,Software,15,2968.36,544.72
SO-1578,2025-11-02,West,Software,11,1851.11,333.78
SO-1579,2025-11-02,North,Software,5,852.77,151.51
SO-1580,2025-11-03,West,Hardware,13,5521.37,3252.36
SO-1581,2025-11-03,East,Hardware,14,5614.92,3419.99
SO-1582,2025-11-04,East,Services,18,15702.34,7162.25
SO-1583,2025-11-05,South,Hardware,9,3992.48,2579.43
SO-1584,2025-11-06,West,Software,8,1308.02,241.4
SO-1585,2025-11-06,West,Software,6,1023.54,190.68
SO-1586,2025-11-06,South,Services,5,4457.03,2100.21
SO-1587,2025-11-07,East,Hardware,13,5001.29,3083.91
SO-1588,2025-11-07,West,Software,18,3237.8,606.19
SO-1589,2025-11-07,North,Hardware,1,436.88,269.14
SO-1590,2025-11-08,South,Services,3,2815.71,1265.96
SO-1591,2025-11-08,North,Software,8,1307.69,239.62
SO-1592,2025-11-09,East,Software,5,948.58,164.22
SO-1593,2025-11-09,South,Services,6,5696.52,2652.68
SO-1594,2025-11-09,South,Software,6,983.88,180.3
SO-1595,2025-11-10,East,Software,18,3186.81,578.44
SO-1596,2025-11-10,West,Services,11,11227.34,4873.21
SO-1597,2025-11-10,East,Hardware,13,5502.46,3418.35
SO-1598,2025-11-11,East,Software,10,1859.02,327.89
SO-1599,2025-11-12,West,Software,8,1405.51,251.38
SO-1600,2025-11-12,East,Hardware,14,5446.94,3278.32
SO-1601,2025-11-13,East,Services,5,4409.22,2069.56
SO-1602,2025-11-13,East,Hardware,3,1365.68,851.47
SO-1603,2025-11-13,North,Software,10,1962.51,364.68
SO-1604,2025-11-14,East,Hardware,10,4148.85,2495.26
SO-1605,2025-11-15,West,Software,8,1354.53,236.02
SO-1606,2025-11-16,North,Hardware,5,2252.3,1336.65
SO-1607,2025-11-16,West,Hardware,14,6233.62,3864.16
SO-1608,2025-11-16,East,Services,7,6695.82,2910.36
SO-1609,2025-11-17,South,Software,4,661.18,113.66
SO-1610,2025-11-17,South,Software,7,1198.91,224.56
SO-1611,2025-11-17,West,Hardware,16,6104.12,3911.76
SO-1612,2025-11-18,South,Services,8,8051.75,3698.27
SO-1613,2025-11-18,South,Hardware,6,2376.15,1538.85
SO-1614,2025-11-19,South,Software,11,1795.05,319.23
SO-1615,2025-11-19,East,Hardware,8,3336.11,2115.6
SO-1616,2025-11-19,West,Hardware,8,3293.72,1947.93
SO-1617,2025-11-20,North,Software,9,1627.87,280.5
SO-1618,2025-11-20,West,Software,15,2835.2,510.16
SO-1619,2025-11-21,South,Software,9,1633.19,281.88
SO-1620,2025-11-22,West,Hardware,4,1812.07,1162.29
SO-1621,2025-11-23,East,Hardware,1,406.92,263.5
SO-1622,2025-11-24,East,Hardware,2,811.97,500.89
SO-1623,2025-11-24,South,Hardware,5,2239.45,1431.36
SO-1624,2025-11-24,West,Hardware,10,4243.32,2706.62
SO-1625,2025-11-25,West,Software,14,2317.0,423.18
SO-1626,2025-11-25,South,Software,7,1344.97,231.84
SO-1627,2025-11-25,South,Software,5,810.89,148.07
SO-1628,2025-11-26,East,Hardware,8,3087.18,1986.61
SO-1629,2025-11-26,North,Hardware,7,2836.67,1714.06
SO-1630,2025-11-27,North,Software,13,2277.71,397.59
SO-1631,2025-11-27,West,Software,19,3574.98,645.74
SO-1632,2025-11-27,South,Services,6,5147.23,2418.94
SO-1633,2025-11-28,South,Software,7,1172.72,206.11
SO-1634,2025-11-28,North,Software,15,2767.09,478.63
SO-1635,2025-11-29,North,Hardware,5,2140.02,1364.5
SO-1636,2025-11-29,North,Services,6,5213.28,2307.81
SO-1637,2025-11-29,North,Hardware,3,1339.29,817.25
SO-1638,2025-11-30,South,Hardware,3,1370.96,842.51
SO-1639,2025-11-30,West,Hardware,9,3788.62,2270.76
SO-1640,2025-12-01,South,Hardware,4,1822.77,1151.14
SO-1641,2025-12-01,North,Services,9,8545.43,3952.83
SO-1642,2025-12-02,North,Hardware,3,1291.54,828.44
SO-1643,2025-12-03,North,Software,14,2672.89,480.76
SO-1644,2025-12-03,West,Hardware,8,3580.7,2317.08
SO-1645,2025-12-04,West,Services,11,10314.82,4792.6
SO-1646,2025-12-05,East,Software,3,550.11,100.56
SO-1647,2025-12-05,North,Hardware,10,4410.6,2829.59
SO-1648,2025-12-05,South,Hardware,1,416.46,251.41
SO-1649,2025-12-06,North,Software,10,1865.83,350.68
SO-1650,2025-12-06,West,Software,1,165.14,30.18
SO-1651,2025-12-07,West,Services,14,12013.5,5195.56
SO-1652,2025-12-07,West,Software,9,1653.94,296.44
SO-1653,2025-12-08,South,Hardware,3,1142.21,696.54
SO-1654,2025-12-08,East,Hardware,14,6338.12,3893.26
SO-1655,2025-12-09,South,Hardware,6,2682.76,1610.77
SO-1656,2025-12-09,East,Hardware,9,3516.08,2107.47
SO-1657,2025-12-09,East,Services,1,929.93,418.46
SO-1658,2025-12-10,South,Services,2,2077.94,924.87
SO-1659,2025-12-10,North,Hardware,13,5410.39,3458.23
SO-1660,2025-12-10,East,Software,22,4099.58,773.68
SO-1661,2025-12-11,West,Hardware,9,3716.52,2307.53
SO-1662,2025-12-11,East,Software,6,1178.89,209.27
SO-1663,2025-12-11,West,Services,10,9793.74,4404.25
SO-1664,2025-12-12,North,Hardware,7,3136.87,1980.55
SO-1665,2025-12-12,West,Software,9,1694.15,312.57
SO-1666,2025-12-12,North,Services,1,946.67,405.0
SO-1667,2025-12-13,South,Hardware,10,4618.07,2769.74
SO-1668,2025-12-13,East,Software,7,1194.92,220.95
SO-1669,2025-12-14,West,Software,7,1373.41,250.66
SO-1670,2025-12-15,East,Software,11,1891.88,329.02
SO-1671,2025-12-15,West,Services,10,8815.78,3973.45
SO-1672,2025-12-16,South,Hardware,3,1265.17,798.64
SO-1673,2025-12-17,East,Services,11,10854.47,4773.32
SO-1674,2025-12-18,South,Software,3,586.23,104.5
SO-1675,2025-12-18,East,Software,6,1074.07,185.84
SO-1676,2025-12-19,West,Software,17,3003.85,522.3
SO-1677,2025-12-19,East,Hardware,9,3901.99,2503.45
SO-1678,2025-12-19,West,Software,15,2578.71,457.8
SO-1679,2025-12-20,East,Services,14,12001.24,5417.95
SO-1680,2025-12-20,East,Software,14,2741.72,481.94
SO-1681,2025-12-21,North,Services,13,13160.94,6120.47
SO-1682,2025-12-22,North,Services,11,9751.77,4246.3
SO-1683,2025-12-22,North,Software,1,188.73,33.43
SO-1684,2025-12-22,West,Software,16,2786.02,519.79
SO-1685,2025-12-23,South,Software,1,194.45,33.72
SO-1686,2025-12-23,East,Software,9,1757.55,302.65
SO-1687,2025-12-23,North,Services,5,4658.5,2111.78
SO-1688,2025-12-24,South,Hardware,2,868.82,552.36
SO-1689,2025-12-24,North,Services,14,14153.8,6464.01
SO-1690,2025-12-25,South,Software,3,580.56,103.29
SO-1691,2025-12-25,East,Software,11,1983.59,360.89
SO-1692,2025-12-26,East,Hardware,3,1304.35,847.1
SO-1693,2025-12-27,East,Hardware,8,3665.03,2208.33
SO-1694,2025-12-28,South,Software,6,1080.73,203.82
SO-1695,2025-12-28,North,Hardware,9,3571.7,2243.12
SO-1696,2025-12-29,East,Software,8,1362.32,246.61
SO-1697,2025-12-29,South,Hardware,11,4816.9,2903.75
SO-1698,2025-12-30,North,Services,7,6341.52,2817.84
SO-1699,2025-12-31,East,Software,6,1082.61,196.6
SO-1700,2025-12-31,South,Software,5,968.72,166.61
SO-1701,2025-12-31,East,Services,3,2605.69,1169.97
